{"linear": {"mean_alpha": 0.38391826847631433, "std_alpha": 0.012449835192263973, "mean_beta": 0.1309274286733961, "std_beta": 0.0017215831272389894, "mean_sigma": 0.08921757808352772, "std_sigma": 0.003489412984128763}, "quadratic": {"mean_alpha": 0.5261577745445174, "std_alpha": 0.012810684211779215, "mean_beta1": 0.05816951569355531, "std_beta1": 0.0047079665355911175, "mean_beta2": 0.0064670604655359745, "std_beta2": 0.0004017720897662178, "mean_sigma": 0.06605443992001989, "std_sigma": 0.0025890356381299178}, "cubic": {"mean_alpha": 0.5281048104972643, "std_alpha": 0.013580603198825132, "mean_beta1": 0.05500820719361779, "std_beta1": 0.010250334834732871, "mean_beta2": 0.007221274033664321, "std_beta2": 0.0022490574586224877, "mean_beta3": -4.6407353105226175e-05, "std_beta3": 0.00013760623750617884, "mean_sigma": 0.06605299879294387, "std_sigma": 0.0026099200538076944}}