{"linear": {"mean_alpha": 1.1613461883702598, "std_alpha": 0.0019648174088866747, "mean_beta": 0.1936481087742714, "std_beta": 0.0010716088265862495, "mean_sigma": 0.026437856632371214, "std_sigma": 0.0012924465074923965}, "quadratic": {"mean_alpha": 1.1538066854046725, "std_alpha": 0.0027042340283687247, "mean_beta1": 0.19256695355215142, "std_beta1": 0.001084700244040888, "mean_beta2": 0.0024614094627327865, "std_beta2": 0.0006618244639692743, "mean_sigma": 0.02565581254996215, "std_sigma": 0.0012550458335042359}, "cubic": {"mean_alpha": 1.149179870845976, "std_alpha": 0.00233469183576013, "mean_beta1": 0.21024050621014873, "std_beta1": 0.0020656458580401906, "mean_beta2": 0.004064468665364125, "std_beta2": 0.0005766159713913569, "mean_beta3": -0.003258317751626002, "std_beta3": 0.00034005868815562327, "mean_sigma": 0.02143759590347399, "std_sigma": 0.001034149696450686}}