{"linear": {"mean_alpha": -0.06126197338055943, "std_alpha": 0.019051400285283748, "mean_beta": 0.17934619217009398, "std_beta": 0.002431068649055017, "mean_sigma": 0.09915004496507532, "std_sigma": 0.004278283313351476}, "quadratic": {"mean_alpha": 0.32307819693939227, "std_alpha": 0.031052900177375584, "mean_beta1": 0.04101047741195267, "std_beta1": 0.009991928254856196, "mean_beta2": 0.01053112085605358, "std_beta2": 0.0007439405175223075, "mean_sigma": 0.07470949174633, "std_sigma": 0.0032260784868947522}, "cubic": {"mean_alpha": 1.0050219426267235, "std_alpha": 0.03600941594308097, "mean_beta1": -0.3887777432885907, "std_beta1": 0.02048884883126482, "mean_beta2": 0.08581441687691548, "std_beta2": 0.0034638287970858777, "mean_beta3": -0.003927362890292479, "std_beta3": 0.00017922360786419377, "mean_sigma": 0.04648637483892045, "std_sigma": 0.0018400894245626518}}