{"linear": {"mean_alpha": 0.8453805736449679, "std_alpha": 0.007879082348975962, "mean_beta": 0.17514451137042528, "std_beta": 0.0022445672447820616, "mean_sigma": 0.08130357178473166, "std_sigma": 0.003425080097029084}, "quadratic": {"mean_alpha": 0.8440207940247387, "std_alpha": 0.007664247002776379, "mean_beta1": 0.19019189854812224, "std_beta1": 0.0048497031293982616, "mean_beta2": -0.0033749724214273296, "std_beta2": 0.0009781025640768935, "mean_sigma": 0.07980189598169571, "std_sigma": 0.0032339650665989027}, "cubic": {"mean_alpha": 0.8542082542167261, "std_alpha": 0.009762751181663823, "mean_beta1": 0.1899513410779332, "std_beta1": 0.004819383687608799, "mean_beta2": -0.007327072801553885, "std_beta2": 0.0025746426209673602, "mean_beta3": 0.0007270043352745032, "std_beta3": 0.0004317689991370674, "mean_sigma": 0.07971285153979189, "std_sigma": 0.0030817113053722635}}